label;intensity;simetry
0;145.43529411764706;156.64313725490197
0;118.5764705882353;142.01568627450982
0;127.6;113.2392156862745
0;138.04705882352943;149.00392156862745
0;146.2156862745098;115.1921568627451
0;128.07450980392156;163.1450980392157
0;136.9764705882353;129.82745098039214
0;131.24313725490197;148.8549019607843
0;142.94509803921568;141.04313725490195
0;129.09803921568627;154.29019607843136
0;128.87058823529412;144.06274509803922
0;130.61176470588236;149.28627450980392
0;129.3921568627451;126.36078431372549
0;137.51764705882354;75.70980392156862
0;157.80392156862746;166.29019607843136
0;126.28627450980392;123.6470588235294
0;131.41960784313724;146.8235294117647
0;140.28235294117647;85.38039215686274
0;148.41960784313724;131.69411764705882
0;136.99607843137255;138.24313725490197
0;140.16470588235293;148.15686274509804
0;154.2549019607843;162.53333333333333
0;126.56862745098039;150.87843137254902
0;129.64313725490197;110.94117647058823
0;132.5843137254902;150.83137254901962
0;127.16078431372549;158.3843137254902
0;151.49803921568628;142.65098039215687
0;135.7019607843137;136.09411764705882
0;145.4156862745098;114.53333333333333
0;134.79607843137254;126.15686274509804
0;147.81176470588235;158.60392156862744
0;136.4156862745098;152.23529411764707
0;154.3921568627451;125.6470588235294
0;135.67843137254903;139.38823529411764
0;136.72549019607843;181.71764705882353
0;157.16470588235293;152.65098039215687
0;129.92156862745097;163.51372549019607
0;141.8235294117647;167.1921568627451
0;147.66666666666666;124.63529411764706
0;125.41176470588235;146.11764705882354
0;142.3764705882353;122.3686274509804
0;155.4470588235294;124.3843137254902
0;144.82745098039214;135.69411764705882
0;134.54901960784315;154.22745098039215
0;136.45490196078433;138.98039215686273
0;132.77254901960785;149.2313725490196
0;151.50980392156862;141.2
0;139.06666666666666;155.84313725490196
0;123.54901960784314;170.0313725490196
0;123.52156862745097;149.9921568627451
0;120.43529411764706;130.8
0;150.0392156862745;148.94117647058823
0;123.32156862745099;165.40392156862745
0;143.0705882352941;152.90196078431373
0;133.3921568627451;137.98431372549018
0;118.90980392156862;130.65098039215687
0;141.2;118.7764705882353
0;146.72549019607843;148.16470588235293
0;142.38039215686274;163.9921568627451
0;116.3921568627451;134.90196078431373
0;122.2392156862745;152.478431372549
0;151.91764705882352;166.94117647058823
0;142.04705882352943;147.57647058823528
0;129.10196078431372;156.8078431372549
0;122.84705882352941;135.2313725490196
0;154.10588235294117;143.94509803921568
0;127.88627450980393;132.66666666666666
0;145.53725490196078;139.37254901960785
0;131.93333333333334;134.7372549019608
0;133.1843137254902;127.23137254901961
0;138.37254901960785;107.74117647058823
0;123.70588235294117;142.7843137254902
0;128.37254901960785;144.91764705882352
0;141.23529411764707;126.37647058823529
0;134.1607843137255;120.54117647058824
0;141.5686274509804;120.0
0;133.30196078431374;166.52549019607844
0;142.22745098039215;160.07843137254903
0;153.62745098039215;149.51372549019607
0;133.7686274509804;127.27058823529411
0;123.87450980392157;145.1764705882353
0;139.81176470588235;122.50980392156863
0;129.75294117647059;127.12941176470588
0;125.86666666666666;155.9686274509804
0;150.40392156862745;170.54901960784315
0;152.46274509803922;155.45098039215685
0;123.43137254901961;120.03921568627452
0;130.93725490196078;163.31764705882352
0;115.31764705882352;142.0078431372549
0;143.68235294117648;150.25098039215686
0;124.23529411764706;111.23137254901961
0;129.1921568627451;137.67843137254903
0;114.32941176470588;115.63921568627451
0;124.26274509803922;101.90588235294118
0;115.89803921568627;151.85882352941175
0;136.45490196078433;151.12156862745098
0;138.24705882352941;138.58039215686276
0;152.5843137254902;158.97254901960784
0;121.54509803921569;161.49019607843138
0;118.07843137254902;149.9607843137255
0;121.3529411764706;129.01176470588234
0;128.41960784313724;66.72156862745098
0;137.6235294117647;163.46666666666667
0;118.29019607843138;150.18039215686275
0;127.19607843137256;173.35686274509803
0;123.91764705882353;146.01568627450982
0;153.04705882352943;129.89019607843136
0;138.45882352941177;121.78039215686275
0;128.61960784313726;138.16470588235293
0;130.3686274509804;145.77254901960785
0;129.7019607843137;149.31764705882352
0;119.60392156862746;132.35294117647058
0;157.2941176470588;129.49019607843138
0;145.6705882352941;79.2156862745098
0;128.2235294117647;131.01960784313727
0;140.23529411764707;90.7921568627451
0;132.1764705882353;177.79607843137254
0;140.8;146.8235294117647
0;156.6156862745098;108.08627450980393
0;121.18039215686275;118.45490196078431
0;120.43137254901961;166.05490196078432
0;155.8;149.45098039215685
0;134.85882352941175;83.08235294117647
0;140.10196078431372;143.2313725490196
0;121.94117647058823;121.34117647058824
0;150.58039215686276;138.3686274509804
0;133.38039215686274;127.48235294117647
0;156.13333333333333;112.8156862745098
0;140.97254901960784;138.24313725490197
0;120.8078431372549;134.87058823529412
0;118.05098039215686;121.04313725490196
0;145.01176470588234;137.67843137254903
0;134.07450980392156;115.66274509803921
0;157.06666666666666;169.2549019607843
0;118.07058823529412;114.50980392156863
0;151.58039215686276;88.87058823529412
0;141.21960784313725;135.34901960784313
0;128.35686274509803;176.66666666666666
0;122.03529411764706;147.5843137254902
0;112.87843137254902;125.94509803921568
0;144.90980392156862;116.17254901960784
0;128.31764705882352;155.1137254901961
0;138.2156862745098;112.29019607843138
0;142.37254901960785;138.26666666666668
0;122.27058823529411;130.8
0;118.69411764705882;121.96862745098039
0;136.27058823529413;164.0078431372549
0;120.58431372549019;166.21960784313725
0;124.71764705882353;158.61176470588236
0;138.30196078431374;153.51372549019607
0;148.33333333333334;86.10980392156863
0;124.49411764705883;125.45882352941176
0;130.05882352941177;166.97254901960784
0;148.8078431372549;94.3686274509804
0;121.41176470588235;127.65490196078431
0;151.4156862745098;131.38039215686274
0;158.1921568627451;110.53333333333333
0;138.41960784313724;124.71372549019608
0;143.93725490196078;187.24705882352941
0;131.27843137254902;141.03529411764706
0;138.98039215686273;142.76078431372548
0;118.73725490196078;156.01568627450982
0;150.4470588235294;162.3843137254902
0;142.6;137.02745098039216
0;142.25098039215686;141.06666666666666
0;142.93333333333334;150.24313725490197
0;120.61960784313726;150.0705882352941
0;154.82745098039214;112.66666666666667
0;150.90588235294118;147.31764705882352
0;114.95294117647059;142.20392156862746
0;130.2980392156863;120.56470588235294
0;151.1607843137255;137.9764705882353
0;119.25882352941177;142.04705882352943
0;131.33333333333334;131.2941176470588
0;140.98431372549018;146.42352941176472
0;145.06274509803922;132.0078431372549
0;118.10196078431373;130.87058823529412
0;114.87450980392157;143.521568627451
0;150.49411764705883;164.0313725490196
0;144.73333333333332;135.05098039215687
0;121.52549019607844;107.31764705882352
0;144.4156862745098;94.47843137254903
0;149.01568627450982;141.85882352941175
0;131.61960784313726;106.51764705882353
0;128.05098039215687;134.0
0;116.05098039215686;146.7686274509804
0;155.35294117647058;78.62745098039215
0;131.68235294117648;153.89019607843136
0;155.05882352941177;136.98823529411766
0;142.53333333333333;131.46666666666667
0;137.32549019607842;139.37254901960785
0;126.80392156862744;79.52156862745097
0;126.07843137254902;111.90588235294118
0;142.57647058823528;155.06666666666666
0;135.75294117647059;127.2078431372549
0;136.57647058823528;152.99607843137255
0;125.7607843137255;167.67843137254903
0;145.64313725490197;117.1686274509804
0;143.05882352941177;139.02745098039216
0;128.13725490196077;166.3764705882353
0;152.58039215686276;137.06666666666666
0;115.00784313725491;147.9764705882353
0;144.74117647058824;154.3921568627451
0;131.06274509803922;167.01960784313727
0;152.6;134.54901960784315
0;147.0705882352941;178.0313725490196
0;152.7019607843137;128.69803921568626
0;127.7764705882353;133.95294117647057
0;137.72549019607843;165.75686274509803
0;124.32941176470588;149.75686274509803
0;141.65882352941176;157.01176470588234
0;129.3921568627451;129.89019607843136
0;138.25098039215686;166.52549019607844
0;147.70980392156864;153.6627450980392
0;144.0392156862745;161.72549019607843
0;121.99215686274509;145.72549019607843
0;135.31764705882352;148.17254901960786
0;137.8392156862745;142.4392156862745
0;121.03137254901961;138.8
0;133.45490196078433;120.47843137254903
0;150.3294117647059;153.5686274509804
0;141.1607843137255;117.6
0;123.72941176470589;147.1137254901961
0;133.8235294117647;144.52549019607844
0;156.06666666666666;152.8235294117647
0;141.0392156862745;148.93333333333334
0;117.2156862745098;148.94117647058823
0;158.85098039215686;133.84313725490196
0;133.69803921568626;180.55686274509804
0;137.07843137254903;159.80392156862746
0;122.81176470588235;164.57254901960783
0;129.6392156862745;138.27450980392157
0;140.53333333333333;127.48235294117647
0;125.74117647058823;118.18039215686275
0;149.84313725490196;134.58823529411765
0;120.2;143.33333333333334
0;126.50588235294117;148.3843137254902
0;153.25882352941176;157.2
0;140.16862745098038;142.25098039215686
0;122.13333333333334;120.72156862745098
0;149.94509803921568;144.92549019607844
0;145.86666666666667;153.64705882352942
0;125.21960784313725;143.09803921568627
0;125.87058823529412;163.77254901960785
0;136.06666666666666;131.88235294117646
0;124.8156862745098;152.75294117647059
0;122.8156862745098;157.1764705882353
0;126.2078431372549;135.521568627451
0;128.2627450980392;159.72549019607843
0;124.43529411764706;159.521568627451
0;131.27843137254902;140.3294117647059
0;125.32941176470588;132.50980392156862
0;133.28235294117647;144.478431372549
0;119.53725490196078;152.28235294117647
0;135.09411764705882;132.49411764705883
0;136.3843137254902;140.90980392156862
0;120.86666666666666;136.16470588235293
0;112.5921568627451;126.34509803921569
0;127.23137254901961;171.74901960784314
0;129.87058823529412;166.42352941176472
0;154.0705882352941;160.8156862745098
0;119.60392156862746;157.34117647058824
0;124.8078431372549;149.91372549019607
0;126.71372549019608;135.16862745098038
0;152.0705882352941;132.87843137254902
0;115.95686274509804;142.18823529411765
0;146.38823529411764;144.7450980392157
0;130.2980392156863;158.21176470588236
0;134.53725490196078;154.0313725490196
0;117.67843137254901;140.01568627450982
0;124.19607843137256;152.62745098039215
0;132.0;106.68235294117648
0;119.69411764705882;138.27450980392157
0;120.98823529411764;156.20392156862746
0;140.69019607843137;170.18039215686275
0;139.04705882352943;157.09019607843138
0;133.99607843137255;150.01568627450982
0;112.74509803921569;149.30196078431374
0;134.10196078431372;134.46274509803922
0;120.07843137254902;126.02352941176471
0;118.58823529411765;130.98039215686273
0;148.69803921568626;135.32549019607842
0;143.26666666666668;126.73725490196078
0;119.72156862745098;146.47058823529412
0;136.78039215686275;160.49411764705883
0;137.06666666666666;112.06274509803922
0;146.07450980392156;131.70980392156864
0;119.94901960784314;138.54901960784315
0;154.01960784313727;161.98431372549018
0;134.08235294117648;152.57254901960783
0;143.22745098039215;128.19607843137254
0;128.38823529411764;112.54117647058824
0;145.49019607843138;158.22745098039215
0;131.05490196078432;88.99607843137255
0;132.65490196078431;146.10980392156864
0;139.30980392156863;155.2313725490196
0;120.61960784313726;123.15294117647059
0;127.29019607843138;126.04705882352941
0;151.54901960784315;151.6627450980392
0;146.79607843137254;139.45882352941177
0;145.4078431372549;160.05490196078432
0;116.03921568627452;167.30980392156863
0;117.3921568627451;126.36078431372549
0;131.07843137254903;138.17254901960786
0;132.6156862745098;111.92941176470588
0;138.09019607843138;138.14117647058825
0;115.87843137254902;117.15294117647059
0;144.53333333333333;171.81176470588235
0;139.2156862745098;107.2
0;151.2549019607843;161.33333333333334
0;138.0313725490196;111.5764705882353
0;144.54901960784315;147.93725490196078
0;123.04313725490196;156.04705882352943
0;139.36470588235295;133.80392156862746
0;136.72156862745098;139.09019607843138
0;127.13333333333334;138.3294117647059
0;152.1607843137255;127.36470588235294
0;140.22745098039215;120.8
0;131.6156862745098;154.90196078431373
0;143.9764705882353;136.87843137254902
0;128.9764705882353;166.09411764705882
0;130.28235294117647;158.14901960784314
0;132.07843137254903;97.52156862745097
0;149.3843137254902;167.33333333333334
0;118.6313725490196;147.30196078431374
0;119.37647058823529;128.4156862745098
0;151.32156862745097;147.64705882352942
0;132.10980392156864;124.58039215686274
0;124.74901960784314;159.1137254901961
0;140.05882352941177;162.65882352941176
0;127.72941176470589;125.24705882352941
0;152.07450980392156;152.13333333333333
0;139.49803921568628;127.41960784313726
0;120.28627450980392;143.50588235294117
0;150.19607843137254;144.65882352941176
0;133.07450980392156;132.8
0;140.29019607843136;130.50980392156862
0;131.12156862745098;130.08627450980393
0;127.90588235294118;129.39607843137256
0;117.74117647058823;118.99607843137255
0;122.44705882352942;118.3686274509804
0;153.0313725490196;155.6
0;148.3607843137255;147.79607843137254
0;136.15686274509804;153.1450980392157
0;154.18823529411765;150.35294117647058
0;130.78823529411764;127.16078431372549
0;131.85098039215686;110.88627450980393
0;122.62745098039215;96.75294117647059
0;122.30196078431372;122.67450980392157
0;142.28235294117647;171.40392156862745
0;126.8156862745098;83.92156862745098
0;137.26666666666668;157.02745098039216
0;120.8;154.35294117647058
0;140.31372549019608;182.8235294117647
0;126.32156862745099;179.05882352941177
0;132.4156862745098;162.66666666666666
0;138.6156862745098;149.6705882352941
0;126.89803921568627;150.4078431372549
0;158.4078431372549;149.86666666666667
0;135.69019607843137;126.69019607843137
0;142.86666666666667;133.30980392156863
0;121.3921568627451;99.03529411764706
0;153.54901960784315;178.86274509803923
0;130.9686274509804;166.72156862745098
0;139.67843137254903;137.83529411764707
0;120.05098039215686;168.52549019607844
0;143.94509803921568;132.8470588235294
0;136.19607843137254;124.45490196078431
0;122.61176470588235;146.7450980392157
0;136.12941176470588;61.858823529411765
0;128.2078431372549;131.2235294117647
0;126.12156862745098;90.90980392156862
0;137.25098039215686;111.72549019607843
0;146.13333333333333;112.23529411764706
0;120.61960784313726;147.32549019607842
0;135.94117647058823;147.70980392156864
0;149.71372549019608;95.72549019607843
0;149.67843137254903;159.01176470588234
0;124.89411764705882;109.01960784313725
0;146.75686274509803;106.32941176470588
0;145.94509803921568;125.45882352941176
0;137.27058823529413;161.31764705882352
0;144.2980392156863;94.43137254901961
0;129.21176470588236;152.55686274509804
0;118.52549019607844;142.8862745098039
0;128.92156862745097;130.65882352941176
0;116.48627450980392;124.4235294117647
0;150.1137254901961;70.36078431372549
0;124.66666666666667;154.0235294117647
0;147.3372549019608;152.29019607843136
0;139.3607843137255;154.7843137254902
0;129.1137254901961;180.42352941176472
0;154.56470588235294;161.39607843137256
0;127.2078431372549;153.5843137254902
0;120.69803921568628;128.87843137254902
0;139.2941176470588;130.14901960784314
0;148.0705882352941;148.92549019607844
0;128.45490196078433;164.04705882352943
0;140.52549019607844;150.60392156862744
0;140.74901960784314;123.6313725490196
0;130.96470588235294;168.09411764705882
0;136.64313725490197;141.38039215686274
0;128.12549019607843;125.36470588235294
0;136.63529411764705;121.92941176470588
0;124.19607843137256;150.21176470588236
0;126.6470588235294;163.1921568627451
0;133.1607843137255;146.55686274509804
0;136.18039215686275;163.41960784313724
0;121.87843137254902;150.97254901960784
0;131.8156862745098;145.2941176470588
0;126.03529411764706;149.02745098039216
0;113.76470588235294;149.23921568627452
0;120.09019607843138;121.96862745098039
0;115.72156862745098;121.52941176470588
0;142.1450980392157;163.77254901960785
0;131.41960784313724;142.54117647058823
0;137.51372549019607;115.54509803921569
0;124.29411764705883;149.52941176470588
0;136.06274509803922;143.16862745098038
0;113.51372549019608;166.7450980392157
0;135.0;87.77254901960784
0;150.91372549019607;158.23529411764707
0;139.94901960784313;142.65882352941176
0;131.1764705882353;150.49411764705883
0;114.94117647058823;150.4156862745098
1;44.70196078431373;70.50196078431372
1;59.85098039215686;79.65490196078431
1;48.55294117647059;79.14509803921568
1;69.43529411764706;74.63529411764706
1;51.54117647058823;85.5921568627451
1;46.674509803921566;80.06274509803922
1;48.09803921568628;80.52549019607844
1;46.819607843137256;75.69411764705882
1;56.51764705882353;78.00784313725491
1;63.15294117647059;58.24313725490196
1;48.02745098039216;77.93725490196078
1;47.8235294117647;82.64313725490196
1;52.227450980392156;70.8078431372549
1;48.12549019607843;72.72156862745098
1;60.870588235294115;78.55686274509804
1;48.831372549019605;79.73333333333333
1;52.64705882352941;68.85490196078432
1;53.78431372549019;73.51372549019608
1;45.94117647058823;78.8313725490196
1;63.63529411764706;74.0156862745098
1;51.627450980392155;84.66666666666667
1;54.95294117647059;64.63529411764706
1;54.090196078431376;69.24705882352941
1;58.13725490196079;91.47450980392156
1;57.14509803921569;86.32156862745099
1;47.61176470588235;66.15686274509804
1;57.45490196078431;79.11372549019607
1;54.79607843137255;60.52549019607843
1;50.188235294117646;82.3686274509804
1;66.10196078431373;72.23529411764706
1;49.48627450980392;73.29411764705883
1;58.04705882352941;87.67058823529412
1;60.21568627450981;91.14509803921568
1;45.917647058823526;78.43921568627451
1;49.32941176470588;58.17254901960784
1;66.89019607843137;73.02745098039216
1;67.90588235294118;85.6470588235294
1;57.16078431372549;87.10588235294118
1;46.48235294117647;71.05098039215686
1;57.450980392156865;88.72156862745098
1;52.227450980392156;72.37647058823529
1;44.37647058823529;73.1921568627451
1;46.8078431372549;78.7764705882353
1;55.772549019607844;72.34509803921569
1;50.870588235294115;62.61960784313725
1;60.10588235294118;79.88235294117646
1;46.674509803921566;67.07450980392157
1;62.015686274509804;63.40392156862745
1;64.49803921568628;86.09411764705882
1;48.07058823529412;82.72941176470589
1;51.56078431372549;66.14901960784314
1;47.549019607843135;58.8156862745098
1;60.384313725490195;72.07843137254902
1;45.490196078431374;78.61960784313726
1;49.1921568627451;84.04705882352941
1;68.68627450980392;67.11372549019607
1;53.47843137254902;80.02352941176471
1;44.64313725490196;70.4
1;46.14509803921569;76.27450980392157
1;56.48627450980392;81.6
1;65.34901960784313;70.3686274509804
1;52.52549019607843;77.69411764705882
1;50.51764705882353;67.01176470588236
1;62.47450980392157;82.47058823529412
1;57.509803921568626;84.3529411764706
1;51.1921568627451;74.25882352941177
1;61.44313725490196;87.62352941176471
1;57.21176470588235;75.74117647058823
1;53.188235294117646;79.56862745098039
1;57.43921568627451;68.88627450980393
1;65.30980392156863;64.31372549019608
1;68.72549019607843;90.8
1;48.745098039215684;83.10588235294118
1;51.16470588235294;69.74901960784314
1;55.03137254901961;86.8
1;65.94509803921568;74.63529411764706
1;68.78039215686275;81.95294117647059
1;69.49411764705883;59.34901960784314
1;69.25098039215686;61.34117647058824
1;55.44705882352941;65.95294117647059
1;55.70980392156863;66.98039215686275
1;56.25098039215686;85.72549019607843
1;54.333333333333336;83.03529411764706
1;67.25490196078431;63.15294117647059
1;44.69803921568627;73.27058823529411
1;49.72156862745098;79.72549019607843
1;48.615686274509805;72.29019607843138
1;46.462745098039214;66.02352941176471
1;51.976470588235294;68.50196078431372
1;50.568627450980394;71.86666666666666
1;62.705882352941174;79.82745098039216
1;49.023529411764706;83.03529411764706
1;64.49019607843137;69.32549019607843
1;53.772549019607844;89.91372549019607
1;65.03529411764706;86.71372549019608
1;70.10980392156863;71.95294117647059
1;48.93333333333333;80.64313725490196
1;51.77647058823529;76.50980392156863
1;53.27450980392157;69.49803921568628
1;57.14901960784314;72.11764705882354
1;46.64313725490196;65.77254901960784
1;57.23529411764706;86.90980392156862
1;60.27843137254902;85.51372549019608
1;50.16470588235294;84.94117647058823
1;44.254901960784316;79.67843137254901
1;57.529411764705884;75.01176470588236
1;54.07450980392157;86.97254901960784
1;66.30588235294118;86.27450980392157
1;46.247058823529414;75.94509803921568
1;65.70588235294117;51.36470588235294
1;65.2392156862745;88.18823529411765
1;66.97254901960784;65.83529411764705
1;51.73725490196078;72.49411764705883
1;60.949019607843134;84.70588235294117
1;72.89019607843137;77.32549019607843
1;55.94117647058823;79.89803921568627
1;56.31372549019608;75.89019607843137
1;55.043137254901964;66.03921568627452
1;52.26274509803922;79.06666666666666
1;49.8235294117647;83.12941176470588
1;59.384313725490195;70.76862745098039
1;54.694117647058825;70.90980392156862
1;46.23137254901961;78.67450980392157
1;64.4;72.36078431372549
1;59.01176470588236;70.24313725490197
1;46.20392156862745;79.15294117647059
1;49.56078431372549;64.97254901960784
1;53.04705882352941;81.67058823529412
1;45.66274509803922;72.72156862745098
1;62.5921568627451;79.92941176470588
1;52.043137254901964;88.27450980392157
1;72.13333333333334;69.12941176470588
1;57.180392156862744;62.87843137254902
1;59.188235294117646;68.07058823529412
1;52.52549019607843;72.58039215686274
1;51.537254901960786;75.5921568627451
1;47.345098039215685;79.42745098039215
1;48.917647058823526;81.17647058823529
1;58.294117647058826;82.50196078431372
1;56.02745098039216;87.75686274509803
1;45.47450980392157;71.26274509803922
1;65.23529411764706;86.86274509803921
1;64.8156862745098;73.49019607843137
1;55.22352941176471;84.17254901960784
1;47.90588235294118;79.67058823529412
1;47.462745098039214;75.08235294117647
1;64.7921568627451;61.23921568627451
1;59.207843137254905;69.91372549019607
1;50.36470588235294;84.94901960784314
1;52.92156862745098;70.61176470588235
1;61.86666666666667;74.88627450980393
1;68.54901960784314;82.7607843137255
1;51.07450980392157;76.28235294117647
1;46.68235294117647;78.68235294117648
1;57.30980392156863;75.05882352941177
1;69.49803921568628;84.0156862745098
1;50.694117647058825;61.13725490196079
1;50.62352941176471;70.94117647058823
1;50.1764705882353;70.92549019607843
1;46.58039215686274;76.29803921568627
1;52.333333333333336;77.13725490196079
1;64.94117647058823;61.47450980392157
1;48.576470588235296;62.4078431372549
1;45.51372549019608;74.30588235294118
1;66.05490196078432;61.44313725490196
1;57.207843137254905;56.86274509803921
1;59.93333333333333;77.05882352941177
1;55.8078431372549;72.11764705882354
1;60.36862745098039;84.62745098039215
1;50.6;65.07450980392157
1;51.71764705882353;65.44313725490196
1;56.38039215686275;88.57254901960785
1;48.03921568627451;83.05882352941177
1;45.741176470588236;64.23529411764706
1;54.09411764705882;71.30980392156863
1;65.6156862745098;67.71764705882353
1;56.32156862745098;64.94117647058823
1;50.529411764705884;81.52941176470588
1;50.27843137254902;68.03921568627452
1;50.745098039215684;79.6078431372549
1;51.23137254901961;70.7607843137255
1;55.76078431372549;87.89803921568627
1;64.82745098039216;72.72941176470589
1;49.56078431372549;79.07450980392157
1;66.1686274509804;77.2
1;57.8235294117647;79.49019607843137
1;46.08627450980392;80.76862745098039
1;53.23137254901961;67.09019607843138
1;63.39607843137255;88.07843137254902
1;52.44705882352941;82.57254901960785
1;73.67450980392157;89.52941176470588
1;46.4078431372549;82.14901960784314
1;62.45882352941177;69.54509803921569
1;54.06666666666667;84.07058823529412
1;44.10980392156863;77.00392156862745
1;63.72156862745098;88.11764705882354
1;53.8156862745098;85.27843137254902
1;50.80392156862745;79.11372549019607
1;72.34901960784313;87.6156862745098
1;66.37647058823529;80.7843137254902
1;71.69803921568628;71.30196078431372
1;60.64705882352941;79.11372549019607
1;53.67058823529412;75.04313725490196
1;50.42745098039216;60.0078431372549
1;74.55686274509804;97.45882352941176
1;68.51372549019608;70.61176470588235
1;53.674509803921566;89.32549019607843
1;58.666666666666664;88.87843137254902
1;53.48627450980392;82.65882352941176
1;50.713725490196076;85.67843137254901
1;65.42745098039215;66.30588235294118
1;53.05490196078431;87.05098039215686
1;56.090196078431376;68.46274509803922
1;52.325490196078434;68.91764705882353
1;61.996078431372545;78.54901960784314
1;58.345098039215685;84.89411764705882
1;45.39607843137255;77.88235294117646
1;62.023529411764706;77.42745098039215
1;62.792156862745095;81.01960784313725
1;45.36862745098039;76.93333333333334
1;62.9921568627451;66.53333333333333
1;55.03137254901961;86.03137254901961
1;47.537254901960786;71.02745098039216
1;48.79607843137255;77.1843137254902
1;72.61960784313726;82.18039215686275
1;71.83921568627451;76.74509803921569
1;59.51764705882353;77.2156862745098
1;61.32941176470588;87.34901960784313
1;53.043137254901964;65.67843137254901
1;48.792156862745095;69.17647058823529
1;44.14901960784314;76.54901960784314
1;58.03921568627451;78.90196078431373
1;56.831372549019605;86.61960784313726
1;49.69803921568627;81.23137254901961
1;57.03137254901961;82.25098039215686
1;53.28235294117647;76.52549019607844
1;44.07450980392157;74.21960784313725
1;47.372549019607845;81.70980392156862
1;60.51372549019608;88.54117647058824
1;52.956862745098036;68.84705882352941
1;51.83529411764706;79.56078431372549
1;55.16470588235294;72.30588235294118
1;59.66274509803922;78.69803921568628
1;51.333333333333336;84.90980392156862
1;69.06274509803922;83.96078431372548
1;58.25098039215686;68.73725490196078
1;47.13333333333333;75.83529411764705
1;65.27058823529411;70.10196078431373
1;67.20392156862745;94.12549019607843
1;46.831372549019605;64.53333333333333
1;58.450980392156865;86.72156862745098
1;64.01960784313725;77.34117647058824
1;45.909803921568624;67.85098039215686
1;49.423529411764704;73.45098039215686
1;51.61176470588235;87.86666666666666
1;63.858823529411765;79.1843137254902
1;58.023529411764706;82.3686274509804
1;60.84313725490196;62.89411764705882
1;50.8156862745098;63.811764705882354
1;49.588235294117645;73.32549019607843
1;67.96078431372548;69.00392156862745
1;56.529411764705884;80.16470588235295
1;68.26274509803922;67.66274509803921
1;45.83921568627451;69.76470588235294
1;48.529411764705884;61.372549019607845
1;57.63921568627451;72.87843137254902
1;46.090196078431376;70.94117647058823
1;62.36078431372549;61.92941176470588
1;61.12549019607843;71.74117647058823
1;54.831372549019605;74.69803921568628
1;56.8156862745098;74.05490196078432
1;54.77647058823529;76.51764705882353
1;45.63921568627451;75.65490196078431
1;54.345098039215685;74.08627450980393
1;45.615686274509805;66.47843137254903
1;46.70196078431373;66.84705882352941
1;54.14509803921569;87.78823529411764
1;55.870588235294115;82.12549019607843
1;44.03137254901961;75.15294117647059
1;51.34117647058824;85.08235294117647
1;47.4078431372549;67.89803921568627
1;57.44313725490196;85.55294117647058
1;49.89019607843137;73.80392156862744
1;59.568627450980394;93.00392156862745
1;58.101960784313725;84.43921568627451
1;47.68627450980392;71.07450980392157
1;51.956862745098036;72.32156862745099
1;69.7607843137255;79.6156862745098
1;44.023529411764706;72.15686274509804
1;51.450980392156865;79.62352941176471
1;51.16078431372549;72.98823529411764
1;46.23529411764706;81.77254901960784
1;64.20392156862745;64.62745098039215
1;44.984313725490196;68.3686274509804
1;48.33725490196078;79.76470588235294
1;52.91372549019608;87.91372549019607
1;47.87843137254902;84.33725490196079
1;51.36078431372549;85.54509803921569
1;54.266666666666666;84.29803921568627
1;49.28235294117647;71.14509803921568
1;53.05490196078431;84.02352941176471
1;47.17254901960784;77.81176470588235
1;52.27843137254902;84.52549019607844
1;63.52549019607843;59.86666666666667
1;53.02745098039216;75.29411764705883
1;57.40392156862745;90.32156862745099
1;58.19607843137255;74.32156862745099
1;61.36862745098039;88.16470588235295
1;72.25490196078431;81.9843137254902
1;50.345098039215685;79.92156862745098
1;47.85098039215686;74.58823529411765
1;53.03137254901961;66.59607843137255
1;50.207843137254905;85.89019607843137
1;56.2;78.8313725490196
1;52.82745098039216;85.63921568627451
1;45.75686274509804;68.64313725490196
1;62.8235294117647;88.8313725490196
1;54.431372549019606;89.11372549019607
1;63.82745098039216;68.0156862745098
1;57.46666666666667;86.63529411764706
1;45.73725490196078;77.13725490196079
1;47.72941176470588;73.5764705882353
1;46.819607843137256;82.21960784313725
1;54.831372549019605;88.69019607843137
1;56.33725490196078;83.54509803921569
1;55.30196078431373;92.21960784313725
1;53.90196078431372;73.71764705882353
1;54.28235294117647;88.17254901960784
1;64.4235294117647;55.858823529411765
1;62.05490196078431;77.01960784313725
1;53.082352941176474;72.4235294117647
1;58.88627450980392;73.49019607843137
1;51.40392156862745;71.79607843137255
1;50.47843137254902;69.94509803921568
1;71.25882352941177;77.62352941176471
1;58.14509803921569;89.04313725490196
1;53.65882352941176;80.49411764705883
1;61.19607843137255;68.7764705882353
1;52.61176470588235;86.32156862745099
1;53.01176470588236;77.6313725490196
1;64.30588235294118;65.09803921568627
1;65.25098039215686;75.28627450980392
1;43.97254901960784;71.17647058823529
1;53.90196078431372;66.3921568627451
1;69.09019607843138;70.18039215686275
1;51.21568627450981;86.83921568627451
1;64.7764705882353;78.49411764705883
1;49.772549019607844;67.45098039215686
1;48.23921568627451;71.45882352941176
1;44.51764705882353;77.45882352941176
1;45.52549019607843;69.01176470588236
1;48.24313725490196;68.95686274509804
1;58.35294117647059;88.59607843137255
1;57.52549019607843;68.02352941176471
1;50.05490196078431;77.81960784313725
1;62.2;91.52156862745097
1;72.38039215686274;63.38039215686275
1;50.976470588235294;80.46274509803922
1;53.733333333333334;88.51764705882353
1;65.38823529411765;83.52941176470588
1;55.07058823529412;83.09803921568627
1;44.258823529411764;70.58823529411765
1;49.36862745098039;70.48627450980392
1;50.88235294117647;83.70980392156862
1;46.35294117647059;80.23529411764706
1;58.82745098039216;87.72549019607843
1;50.5921568627451;75.1921568627451
1;51.28235294117647;76.54117647058824
1;55.35686274509804;53.75686274509804
1;50.745098039215684;76.26666666666667
1;49.51764705882353;81.51372549019608
1;68.89019607843137;80.44705882352942
1;49.898039215686275;73.6
1;45.29019607843137;76.94901960784314
1;55.4156862745098;79.41176470588235
1;58.1764705882353;56.49411764705882
1;58.792156862745095;88.12549019607843
1;57.87450980392157;60.45490196078431
1;45.11372549019608;73.55294117647058
1;71.67058823529412;73.6313725490196
1;62.44705882352941;73.2078431372549
1;53.27450980392157;61.51372549019608
1;58.36470588235294;66.12549019607843
1;62.94509803921569;86.43921568627451
1;46.65882352941176;74.3686274509804
1;67.74901960784314;79.40392156862745
1;45.02745098039216;77.66274509803921
1;74.21176470588236;84.76862745098039
1;52.247058823529414;78.10980392156863
1;61.13333333333333;73.15294117647059
1;72.34901960784313;84.13333333333334
1;47.949019607843134;66.25098039215686
1;69.1686274509804;83.26274509803922
1;57.45882352941177;81.01960784313725
1;66.30980392156863;89.79607843137255
1;62.72549019607843;67.6156862745098
1;51.63921568627451;80.53333333333333
1;50.40392156862745;83.03529411764706
1;50.55686274509804;85.05098039215686
1;50.36470588235294;85.73333333333333
1;53.470588235294116;86.56470588235294
1;61.63921568627451;79.46666666666667
1;58.43529411764706;89.07450980392157
1;68.91764705882353;79.70196078431373
1;49.42745098039216;81.50588235294117
1;72.84705882352941;73.56862745098039
1;46.694117647058825;67.2235294117647
1;64.00392156862745;70.45490196078431
1;48.5843137254902;84.98039215686275
1;54.77647058823529;84.4235294117647
1;59.50588235294118;75.52941176470588
1;55.31764705882353;66.30588235294118
1;49.345098039215685;78.53333333333333
1;71.7764705882353;66.45490196078431
1;52.490196078431374;74.0
1;62.949019607843134;92.48627450980392
1;44.60392156862745;76.10980392156863
1;66.50196078431372;66.43137254901961
1;61.07450980392157;84.8
1;64.02745098039216;88.87058823529412
1;59.333333333333336;90.08627450980393
1;46.733333333333334;72.19607843137256
1;64.06274509803922;81.30196078431372
1;53.49411764705882;83.49019607843137
1;45.37647058823529;76.07058823529412
1;61.78431372549019;69.49803921568628
1;48.96862745098039;77.04313725490196
1;58.51372549019608;87.08235294117647
1;57.85098039215686;84.20392156862745
1;49.76862745098039;66.50196078431372
1;50.66274509803922;87.96078431372548
1;50.09803921568628;75.01960784313725
1;69.8156862745098;71.97647058823529
1;53.12156862745098;71.67058823529412
1;52.85490196078431;75.48235294117647
1;63.87843137254902;86.69019607843137
1;72.93725490196078;76.49411764705883
1;72.02352941176471;77.14509803921568
1;59.24313725490196;82.47058823529412
1;50.509803921568626;81.33333333333333
1;53.101960784313725;85.51372549019608
1;56.53333333333333;83.79607843137255
1;53.898039215686275;87.90588235294118
1;58.537254901960786;81.2
1;51.8078431372549;65.37254901960785
1;52.254901960784316;64.46274509803922
1;57.48235294117647;65.94509803921568
1;69.60392156862746;75.6470588235294
1;51.654901960784315;82.61960784313726
1;66.16470588235295;96.8
1;56.40392156862745;66.12549019607843
1;63.72941176470588;86.03137254901961
1;48.90196078431372;68.50196078431372
1;55.55686274509804;80.72941176470589
1;52.64313725490196;78.99607843137255
1;51.35294117647059;59.16078431372549
1;48.19607843137255;82.43137254901961
1;67.50980392156863;76.29019607843138
1;59.54117647058823;70.0
1;58.745098039215684;66.57254901960785
1;61.66274509803922;70.41568627450981
1;61.266666666666666;76.83921568627451
1;45.082352941176474;76.76862745098039
1;62.32156862745098;70.05490196078432
1;52.78431372549019;61.1921568627451
1;50.129411764705885;63.78823529411765
1;46.490196078431374;77.56078431372549
1;54.92941176470588;86.28235294117647
1;52.63921568627451;72.85490196078432
1;48.6078431372549;73.26274509803922
1;53.44705882352941;87.2078431372549
1;52.266666666666666;86.50980392156863
1;47.64313725490196;74.31372549019608
1;64.14509803921568;74.03137254901961
1;52.576470588235296;85.92156862745098
1;49.09803921568628;77.47450980392156
1;74.38039215686274;79.77254901960784
1;73.15294117647059;72.94117647058823
1;51.996078431372545;86.36078431372549
1;61.27450980392157;71.49019607843137
1;57.76470588235294;65.42745098039215
1;66.71372549019608;70.57254901960785
1;52.811764705882354;82.29803921568627
1;53.694117647058825;67.5764705882353
1;54.898039215686275;65.95294117647059
1;58.909803921568624;87.65490196078431
1;59.423529411764704;77.5921568627451
1;65.03921568627452;79.67843137254901
1;50.76862745098039;72.37647058823529
1;74.15686274509804;63.733333333333334
1;59.90196078431372;73.84313725490196
1;48.917647058823526;70.02352941176471
1;48.54117647058823;72.18823529411765
1;57.11764705882353;89.10588235294118
1;60.45490196078431;81.31764705882352
1;68.14117647058823;79.95294117647059
1;49.811764705882354;77.16078431372549
1;44.58039215686274;78.98039215686275
1;67.44705882352942;81.04313725490196
1;46.27450980392157;81.53725490196078
1;70.03921568627452;86.54117647058824
1;72.28235294117647;80.8313725490196
1;46.11764705882353;75.71764705882353
1;51.63137254901961;84.21960784313725
1;44.674509803921566;73.67843137254901
1;47.07450980392157;70.90196078431373
1;68.3843137254902;75.5764705882353
1;46.03529411764706;75.6156862745098
1;58.55686274509804;80.62745098039215
1;65.20392156862745;87.85098039215686
1;58.674509803921566;83.10588235294118
1;44.831372549019605;73.70980392156862
1;58.86274509803921;82.29019607843138
1;45.733333333333334;81.2235294117647
1;49.5843137254902;77.2078431372549
1;60.34117647058824;71.12941176470588
1;53.09411764705882;76.00784313725491
1;63.411764705882355;79.71764705882353
1;53.88235294117647;77.2235294117647
1;55.60392156862745;78.50196078431372
1;51.16078431372549;84.87843137254902
1;67.52549019607844;80.00784313725491
1;45.52549019607843;82.04705882352941
1;44.85490196078431;79.48235294117647
1;46.49411764705882;70.47843137254903
1;69.1843137254902;74.05490196078432
1;68.62745098039215;76.12549019607843
1;46.69019607843137;77.97647058823529
1;44.52549019607843;72.03137254901961
1;53.180392156862744;86.34509803921569
1;46.286274509803924;75.80392156862744
1;48.956862745098036;70.14901960784314
1;51.64705882352941;83.71764705882353
1;64.04313725490196;63.01960784313726
1;44.85490196078431;78.27450980392157
1;59.83529411764706;77.74117647058823
1;44.13333333333333;75.34117647058824
1;48.69803921568627;84.37647058823529
1;48.501960784313724;77.66274509803921
1;57.305882352941175;79.31764705882352
1;64.80392156862744;67.6156862745098
1;61.67058823529412;78.3843137254902
1;55.04705882352941;87.55294117647058
1;55.95294117647059;61.5843137254902
1;47.6078431372549;79.41960784313726
1;58.98823529411764;70.91764705882353
1;56.48627450980392;86.7607843137255
1;58.549019607843135;88.18823529411765
1;59.949019607843134;73.2
1;47.5843137254902;66.30588235294118
1;56.674509803921566;84.36078431372549
1;53.04705882352941;87.27058823529411
1;63.10980392156863;64.63529411764706
1;55.984313725490196;76.12549019607843
1;52.37647058823529;77.50588235294117
1;58.91372549019608;84.21176470588236
1;59.4156862745098;70.51764705882353
1;47.22352941176471;69.12941176470588
1;71.97647058823529;86.22745098039216
1;53.207843137254905;85.67843137254901
1;64.56470588235294;80.20392156862745
1;45.25098039215686;72.41568627450981
1;46.050980392156866;75.97647058823529
1;50.27843137254902;61.02745098039216
1;60.30980392156863;70.15686274509804
1;52.4156862745098;77.99215686274509
1;60.372549019607845;62.65882352941176
1;50.5921568627451;74.18823529411765
1;67.6078431372549;65.80392156862744
1;48.21176470588235;69.00392156862745
1;59.050980392156866;65.2078431372549
1;51.77647058823529;85.07450980392157
1;48.01176470588236;80.91764705882353
1;55.09803921568628;83.93725490196078
1;68.36078431372549;88.47058823529412
1;52.89019607843137;68.14901960784314
1;46.345098039215685;70.7764705882353
1;54.70980392156863;87.1921568627451
1;62.98823529411764;88.45490196078431
1;49.62352941176471;82.16470588235295
1;67.55294117647058;60.69019607843137
1;64.92941176470588;85.02745098039216
1;58.1843137254902;93.35686274509804
1;45.76862745098039;72.65098039215687
1;50.34117647058824;86.97254901960784
1;55.03137254901961;87.01960784313725
1;54.52156862745098;74.0
1;65.36078431372549;73.62352941176471
1;54.36862745098039;86.00784313725491
1;51.29019607843137;78.54901960784314
1;48.615686274509805;72.82352941176471
1;47.58039215686274;86.0156862745098
1;54.51764705882353;82.83921568627451
1;45.752941176470586;64.00784313725491
1;58.37647058823529;67.13725490196079
1;57.32156862745098;58.03137254901961
1;50.247058823529414;81.27843137254902
1;57.52549019607843;78.14117647058823
1;48.33725490196078;83.54509803921569
1;59.75686274509804;88.51764705882353
1;55.92941176470588;78.52549019607844
1;69.42745098039215;85.58431372549019
1;69.12156862745098;74.85490196078432
1;58.63921568627451;86.0156862745098
1;57.168627450980395;69.41176470588235
1;70.10588235294118;77.51372549019608
1;67.41176470588235;60.015686274509804
1;51.674509803921566;77.45098039215686
4;83.7843137254902;83.99215686274509
4;98.90980392156862;82.49411764705883
4;96.73725490196078;111.49803921568628
4;98.82745098039216;97.38823529411765
4;87.6470588235294;94.00784313725491
4;84.70588235294117;101.14509803921568
4;85.7607843137255;87.27058823529411
4;88.90196078431373;92.07843137254902
4;108.6;116.11764705882354
4;83.36470588235294;93.16078431372549
4;90.50980392156863;108.29803921568627
4;95.94509803921568;106.18039215686275
4;101.07843137254902;82.95686274509804
4;92.34117647058824;105.9843137254902
4;99.41568627450981;96.52549019607844
4;89.89803921568627;107.63921568627451
4;82.50196078431372;120.51764705882353
4;94.44705882352942;100.45490196078431
4;90.56078431372549;94.69019607843137
4;104.73333333333333;88.82352941176471
4;100.30588235294118;122.3529411764706
4;101.47843137254903;106.7843137254902
4;85.40392156862745;100.84705882352941
4;89.32941176470588;97.63921568627451
4;86.52156862745097;97.84313725490196
4;90.61960784313726;94.61960784313726
4;87.62352941176471;92.14117647058823
4;103.96470588235294;107.58431372549019
4;91.9843137254902;92.14117647058823
4;92.47450980392156;115.25490196078431
4;105.85882352941177;95.49803921568628
4;97.29411764705883;107.96862745098039
4;101.7764705882353;99.94509803921568
4;87.10196078431373;86.3921568627451
4;90.87058823529412;87.89019607843137
4;88.15686274509804;94.7921568627451
4;83.45882352941176;102.63529411764706
4;104.05098039215686;122.17254901960784
4;100.05490196078432;131.90588235294118
4;87.66666666666667;104.93333333333334
4;103.27058823529411;69.97647058823529
4;98.92941176470588;98.48627450980392
4;84.6078431372549;95.6470588235294
4;99.96470588235294;86.65882352941176
4;95.00392156862745;112.31372549019608
4;84.93333333333334;133.74117647058824
4;91.66274509803921;99.51372549019608
4;105.30588235294118;100.3843137254902
4;84.24705882352941;112.18039215686275
4;91.98039215686275;87.09803921568627
4;107.05098039215686;96.32941176470588
4;97.1686274509804;93.6470588235294
4;100.66274509803921;108.29019607843138
4;101.27843137254902;130.50980392156862
4;85.96470588235294;102.18823529411765
4;98.83529411764705;124.69803921568628
4;97.44705882352942;100.03921568627452
4;87.12941176470588;79.93725490196078
4;99.13333333333334;96.96470588235294
4;107.14901960784314;77.30980392156863
4;84.83921568627451;107.67058823529412
4;91.49803921568628;102.14901960784314
4;90.93333333333334;95.89019607843137
4;83.72941176470589;91.17647058823529
4;83.94509803921568;92.53333333333333
4;92.1686274509804;103.38039215686274
4;93.15686274509804;87.09803921568627
4;95.01960784313725;108.14117647058823
4;88.88235294117646;95.50588235294117
4;91.3921568627451;85.79607843137255
4;83.05098039215686;98.4
4;104.83529411764705;102.26666666666667
4;85.17647058823529;90.74509803921569
4;91.96470588235294;91.88235294117646
4;99.52156862745097;109.53725490196078
4;87.75294117647059;113.32549019607843
4;89.02352941176471;99.01960784313725
4;102.71372549019608;85.09803921568627
4;103.1686274509804;85.2078431372549
4;88.35686274509804;99.28627450980392
4;102.42745098039215;117.43529411764706
4;101.14117647058823;72.58823529411765
4;84.75686274509803;114.23529411764706
4;88.88235294117646;90.36078431372549
4;92.40392156862745;87.09803921568627
4;88.70588235294117;121.89803921568627
4;91.58823529411765;104.19607843137256
4;87.90980392156862;98.56470588235294
4;86.59607843137255;87.5764705882353
4;91.46666666666667;103.76470588235294
4;84.14117647058823;101.41176470588235
4;108.30980392156863;102.56470588235294
4;90.34509803921569;91.46666666666667
4;89.05098039215686;101.92941176470588
4;101.05490196078432;100.50980392156863
4;88.58823529411765;97.55294117647058
4;99.25490196078431;119.51372549019608
4;95.0156862745098;94.18823529411765
4;88.62745098039215;80.04705882352941
4;86.26666666666667;86.46274509803922
4;92.63921568627451;88.4
4;104.4;87.23137254901961
4;107.6156862745098;74.03921568627452
4;105.50980392156863;103.39607843137254
4;90.07450980392157;123.77254901960784
4;96.12941176470588;114.03137254901961
4;91.11764705882354;101.76470588235294
4;88.78039215686275;88.21176470588236
4;104.53333333333333;111.02745098039216
4;109.52549019607844;97.89019607843137
4;102.96078431372548;113.82745098039216
4;102.7843137254902;103.34117647058824
4;98.50980392156863;103.67058823529412
4;95.53333333333333;93.62352941176471
4;88.13725490196079;108.50980392156863
4;99.93725490196078;136.86274509803923
4;99.99607843137255;85.62352941176471
4;83.48627450980392;87.16078431372549
4;92.72156862745098;98.46274509803922
4;100.88627450980393;106.7764705882353
4;105.12156862745098;109.36470588235294
4;89.28235294117647;68.96470588235294
4;84.77254901960784;105.09019607843138
4;96.56470588235294;106.88627450980393
4;98.52941176470588;106.0156862745098
4;106.13725490196079;109.76470588235294
4;108.25098039215686;91.35686274509804
4;89.67450980392157;125.05882352941177
4;102.45098039215686;63.14509803921569
4;87.75686274509803;101.14509803921568
4;100.69803921568628;104.67450980392157
4;92.10196078431373;104.56470588235294
4;89.2156862745098;94.22745098039216
4;105.53725490196078;126.7921568627451
4;86.04705882352941;97.2392156862745
4;83.93725490196078;95.5764705882353
4;95.12941176470588;98.16470588235295
4;91.75294117647059;82.15686274509804
4;84.23137254901961;87.96078431372548
4;96.96862745098039;103.00392156862745
4;84.08627450980393;84.17254901960784
4;98.52549019607844;92.31372549019608
4;102.52549019607844;104.43921568627451
4;98.07450980392157;98.59607843137255
4;102.86274509803921;107.2156862745098
4;89.48235294117647;96.31372549019608
4;88.54901960784314;111.81176470588235
4;93.6;93.96078431372548
4;87.28235294117647;108.11764705882354
4;108.7921568627451;105.88235294117646
4;94.11372549019607;111.89803921568627
4;95.0;110.07843137254902
4;83.00784313725491;91.47450980392156
4;102.43137254901961;97.2392156862745
4;102.71764705882353;108.16470588235295
4;106.34509803921569;111.70196078431373
4;87.02352941176471;94.36078431372549
4;98.54509803921569;89.38823529411765
4;91.28627450980392;98.88627450980393
4;88.78823529411764;87.03529411764706
4;97.33333333333333;90.46274509803922
4;91.27843137254902;107.49803921568628
4;104.11372549019607;101.32549019607843
4;100.83529411764705;106.43921568627451
4;92.4235294117647;76.8156862745098
4;82.27843137254902;100.41568627450981
4;91.65098039215687;111.44313725490196
4;86.13333333333334;101.96078431372548
4;92.05490196078432;100.06274509803922
4;81.37254901960785;109.6470588235294
4;106.11372549019607;104.8078431372549
4;94.78039215686275;100.3843137254902
4;89.11764705882354;96.98039215686275
4;92.78823529411764;83.67843137254901
4;102.85098039215686;113.26274509803922
4;95.7764705882353;109.71764705882353
4;95.92941176470588;103.81176470588235
4;102.75686274509803;81.73333333333333
4;92.98039215686275;74.87058823529412
4;93.00784313725491;103.30196078431372
4;83.85098039215686;96.12549019607843
4;83.00392156862745;99.90588235294118
4;88.73725490196078;98.25882352941177
4;104.42745098039215;106.0156862745098
4;96.07843137254902;113.88235294117646
4;100.2;106.56470588235294
4;88.78039215686275;64.61960784313726
4;86.10196078431373;94.21176470588236
4;101.76470588235294;107.12156862745098
4;96.82745098039216;112.7607843137255
4;86.61176470588235;96.58039215686274
4;90.31372549019608;88.4235294117647
4;87.36078431372549;87.09803921568627
4;82.14509803921568;103.88235294117646
4;101.56470588235294;116.05490196078432
4;88.49019607843137;107.72549019607843
4;93.21176470588236;86.75294117647059
4;82.30980392156863;79.05098039215686
4;101.92156862745098;109.41176470588235
4;92.32549019607843;108.7607843137255
4;97.3686274509804;97.23137254901961
4;84.11764705882354;93.72549019607843
4;99.24313725490197;98.3921568627451
4;104.50588235294117;118.65882352941176
4;90.18039215686275;74.3529411764706
4;91.78039215686275;97.83529411764705
4;90.02745098039216;94.61176470588235
4;91.30588235294118;98.53333333333333
4;90.17254901960784;102.96470588235294
4;92.89803921568627;108.14901960784314
4;94.84705882352941;110.7921568627451
4;103.08235294117647;84.23529411764706
4;97.39607843137254;102.65098039215687
4;86.07058823529412;107.1843137254902
4;102.58431372549019;110.58039215686274
4;93.41568627450981;72.18039215686275
4;97.12549019607843;73.9843137254902
4;87.03921568627452;102.48627450980392
4;94.1843137254902;109.78039215686275
4;89.13725490196079;81.77254901960784
4;97.48235294117647;71.67058823529412
4;86.87058823529412;103.51372549019608
4;99.64313725490196;79.1921568627451
4;96.11764705882354;108.87843137254902
4;95.66666666666667;100.65098039215687
4;88.52156862745097;97.2
4;89.26274509803922;130.0078431372549
4;102.4;78.02352941176471
4;84.82745098039216;110.28235294117647
4;106.89803921568627;111.67843137254901
4;86.05098039215686;124.00784313725491
4;93.82352941176471;81.10588235294118
4;84.66666666666667;101.6
4;99.90196078431373;130.72156862745098
4;91.51764705882353;106.36078431372549
4;101.2235294117647;103.6078431372549
4;100.37647058823529;82.32156862745099
4;103.85098039215686;86.99607843137255
4;92.02352941176471;101.28627450980392
4;98.12156862745098;105.2
4;102.83921568627451;121.6
4;103.8313725490196;104.49411764705883
4;102.73333333333333;110.23529411764706
4;99.13725490196079;108.73725490196078
4;95.84705882352941;106.32941176470588
4;96.25098039215686;85.50588235294117
4;97.7921568627451;85.82745098039216
4;102.10980392156863;119.04313725490196
4;89.49019607843137;98.02352941176471
4;99.14509803921568;114.49411764705883
4;96.40392156862745;102.86274509803921
4;108.55294117647058;97.01176470588236
4;92.24313725490197;86.7764705882353
4;97.91764705882353;91.01960784313725
4;98.2078431372549;97.32549019607843
4;97.6;83.04313725490196
4;92.14901960784314;100.4235294117647
4;90.8;92.48627450980392
4;83.1843137254902;101.99215686274509
4;108.95686274509804;88.90980392156862
4;95.24705882352941;82.7921568627451
4;98.32941176470588;115.89019607843137
4;86.56862745098039;112.33725490196079
4;98.90196078431373;102.63529411764706
4;87.72156862745098;123.74117647058823
4;98.84313725490196;101.78039215686275
4;89.02745098039216;88.29803921568627
4;97.76470588235294;102.05490196078432
4;88.13333333333334;95.02745098039216
4;94.19607843137256;78.57254901960785
4;99.72941176470589;113.40392156862745
4;100.14901960784314;126.02352941176471
4;100.85882352941177;93.6078431372549
4;97.81176470588235;101.56862745098039
4;103.60392156862746;103.80392156862744
4;95.70980392156862;91.74901960784314
4;96.91764705882353;108.94117647058823
4;106.44313725490196;103.41176470588235
4;92.29803921568627;64.25098039215686
4;86.7921568627451;96.36078431372549
4;94.72156862745098;112.32941176470588
4;99.93333333333334;74.8156862745098
4;100.54117647058824;115.92156862745098
4;99.96078431372548;107.96862745098039
4;96.63921568627451;83.96078431372548
4;91.45882352941176;96.61176470588235
4;81.64313725490196;101.84313725490196
4;88.34509803921569;73.50588235294117
4;91.93725490196078;99.26274509803922
4;93.82745098039216;73.45882352941176
4;96.90588235294118;119.38039215686274
4;92.27843137254902;108.33725490196079
4;85.1686274509804;104.04705882352941
4;102.09803921568627;100.68235294117648
4;99.41176470588235;114.72941176470589
4;96.23529411764706;128.69019607843137
4;88.02745098039216;113.74901960784314
4;101.24313725490197;95.6
4;84.28235294117647;93.39607843137254
4;96.27843137254902;109.1843137254902
4;97.26274509803922;81.6313725490196
4;93.31372549019608;78.73725490196078
4;93.0;122.62745098039215
4;99.28627450980392;102.98039215686275
4;86.62745098039215;100.8313725490196
4;83.82745098039216;88.76862745098039
4;104.42745098039215;112.02352941176471
4;90.33333333333333;96.7764705882353
4;96.04705882352941;99.05882352941177
4;87.2235294117647;95.12156862745098
4;89.37647058823529;132.90196078431373
4;101.49019607843137;87.15294117647059
4;103.60392156862746;99.17647058823529
4;81.90588235294118;88.89411764705882
4;88.15686274509804;97.6156862745098
4;86.29411764705883;94.7843137254902
4;90.6470588235294;118.62745098039215
4;90.95294117647059;85.56078431372549
4;101.29803921568627;85.54509803921569
4;87.6470588235294;103.34117647058824
4;91.89803921568627;115.43529411764706
4;88.34509803921569;109.16078431372549
4;92.84313725490196;103.56862745098039
4;86.3686274509804;104.21960784313725
4;91.43921568627451;83.06666666666666
4;96.70980392156862;104.11764705882354
4;96.56078431372549;99.01960784313725
4;97.18039215686275;135.6
4;93.93333333333334;91.2078431372549
4;85.72156862745098;99.53725490196078
4;99.48235294117647;135.2627450980392
4;85.44705882352942;122.61176470588235
4;94.73725490196078;76.59607843137255
4;90.82352941176471;109.47450980392156
4;86.41176470588235;95.2392156862745
4;90.92941176470588;117.73333333333333
4;105.30980392156863;140.2980392156863
4;94.86666666666666;97.01176470588236
4;92.81960784313725;113.56078431372549
4;86.5921568627451;100.3529411764706
4;87.00784313725491;90.54901960784314
4;86.00784313725491;112.67450980392157
4;98.3529411764706;111.84313725490196
4;85.3843137254902;132.05490196078432
4;86.21960784313725;78.44705882352942
4;92.06274509803922;75.07450980392157
4;84.87843137254902;96.04705882352941
4;84.49019607843137;101.79607843137255
4;95.4078431372549;74.56470588235294
4;102.33725490196079;108.0156862745098
4;81.83529411764705;101.6313725490196
4;87.28235294117647;90.84705882352941
4;87.11764705882354;99.97647058823529
4;86.96470588235294;99.65490196078431
4;106.3843137254902;84.90980392156862
4;92.47058823529412;102.87058823529412
4;85.96470588235294;92.85490196078432
4;100.23137254901961;90.15686274509804
4;99.45490196078431;98.06274509803922
4;100.6156862745098;74.58039215686274
4;89.04705882352941;94.14117647058823
4;85.1921568627451;88.04705882352941
4;99.65882352941176;109.15294117647059
4;92.51764705882353;110.19607843137256
4;96.29803921568627;112.67450980392157
4;99.8078431372549;98.87843137254902
4;102.01960784313725;93.40392156862745
4;91.08235294117647;88.25098039215686
4;86.18039215686275;99.70196078431373
4;93.14117647058823;82.37647058823529
4;105.86666666666666;88.32941176470588
4;102.10196078431373;108.26666666666667
4;85.83529411764705;104.59607843137255
4;83.63529411764706;92.61960784313726
4;97.48235294117647;131.6705882352941
4;89.12549019607843;88.43137254901961
4;95.07058823529412;104.30588235294118
4;99.93725490196078;80.84705882352941
4;96.98823529411764;91.71764705882353
4;84.03137254901961;96.07843137254902
4;89.06666666666666;93.91372549019607
4;83.14901960784314;106.8313725490196
4;102.39607843137254;107.55294117647058
4;91.29019607843138;102.7843137254902
4;83.38039215686274;100.7843137254902
4;97.38823529411765;99.41960784313726
4;106.08235294117647;95.77254901960784
4;93.8;112.61960784313726
4;86.26666666666667;97.53725490196078
4;98.77254901960784;102.36078431372549
4;104.6078431372549;74.64313725490196
4;84.47058823529412;95.2
4;98.40392156862745;93.07450980392157
4;93.46666666666667;109.42745098039215
4;95.15686274509804;100.21176470588236
4;83.2;93.55294117647058
4;102.5921568627451;98.32941176470588
4;86.75294117647059;87.63921568627451
4;88.7843137254902;76.51764705882353
4;101.80392156862744;107.26274509803922
4;89.30980392156863;116.04705882352941
4;98.35686274509804;93.02745098039216
4;97.94509803921568;85.55294117647058
4;86.89803921568627;119.45882352941176
4;98.51764705882353;110.07058823529412
4;87.85098039215686;102.87058823529412
4;100.6;110.31372549019608
4;89.17254901960784;100.94901960784314
4;83.12156862745098;92.50196078431372
4;94.4;98.3843137254902
4;106.48235294117647;104.32156862745099
4;95.88627450980393;97.32549019607843
4;102.15294117647059;112.02352941176471
4;89.68235294117648;107.01960784313725
4;93.13333333333334;110.10980392156863
4;88.65098039215687;97.69411764705882
4;82.87450980392157;90.28235294117647
4;105.55686274509804;103.2078431372549
4;107.87843137254902;70.45490196078431
4;95.44705882352942;96.85490196078432
4;101.31764705882352;103.70196078431373
4;90.34901960784313;109.67058823529412
4;95.53725490196078;94.00784313725491
4;92.10980392156863;118.68235294117648
4;105.03137254901961;95.99215686274509
4;94.39607843137254;94.17254901960784
4;105.17647058823529;58.8078431372549
4;97.62745098039215;95.6313725490196
4;107.49019607843137;104.04705882352941
4;96.7607843137255;83.82745098039216
4;94.01176470588236;110.67450980392157
4;86.34117647058824;90.28235294117647
4;102.4;99.89019607843137
4;93.6313725490196;97.49019607843137
4;104.86274509803921;102.32156862745099
4;98.52549019607844;139.54509803921567
4;101.87450980392157;96.48627450980392
4;82.13333333333334;99.27843137254902
4;95.19607843137256;100.58823529411765
4;98.50196078431372;103.74901960784314
4;91.7764705882353;90.98823529411764
4;87.88235294117646;89.50588235294117
4;98.92156862745098;104.7607843137255
4;101.88235294117646;102.96470588235294
4;83.37254901960785;84.94117647058823
4;99.69019607843137;106.75294117647059
4;85.27843137254902;104.43921568627451
4;105.43137254901961;147.72549019607843
4;103.79607843137255;103.67058823529412
4;99.48627450980392;86.7843137254902
4;99.81960784313725;93.74117647058823
4;83.52156862745097;76.36078431372549
4;100.30588235294118;111.51372549019608
4;98.45098039215686;102.21960784313725
4;98.12156862745098;107.52156862745097
4;91.70196078431373;108.84705882352941
4;95.73725490196078;90.28235294117647
4;97.97647058823529;101.99215686274509
4;93.97254901960784;88.18039215686275
4;83.3529411764706;105.32549019607843
4;99.60392156862746;113.24705882352941
4;90.79607843137255;82.20392156862745
4;100.04705882352941;106.3686274509804
4;89.50980392156863;70.18823529411765
4;87.48235294117647;87.65490196078431
4;98.70980392156862;110.21960784313725
4;101.6313725490196;113.41176470588235
4;92.45490196078431;94.87058823529412
4;91.3921568627451;102.84705882352941
4;87.31764705882352;101.83529411764705
4;92.33725490196079;77.6156862745098
4;87.08235294117647;107.41960784313726
4;96.47450980392156;105.23137254901961
4;89.16470588235295;105.51372549019608
4;87.90196078431373;84.91764705882353
4;102.10980392156863;82.98039215686275
4;93.78823529411764;108.0
4;85.31372549019608;103.2392156862745
4;84.25882352941177;81.77254901960784
4;92.16470588235295;109.91372549019607
4;96.18823529411765;87.40392156862745
4;97.70196078431373;105.89803921568627
4;82.13333333333334;107.74901960784314
4;103.7921568627451;109.95294117647059
4;101.53725490196078;138.7450980392157
4;86.89411764705882;98.03921568627452
4;96.71372549019608;104.70588235294117
4;101.61960784313726;88.52549019607844
4;87.56078431372549;105.42745098039215
4;100.81960784313725;104.10196078431373
4;90.35686274509804;82.07843137254902
4;86.02745098039216;85.01176470588236
4;86.18823529411765;113.53725490196078
4;99.34509803921569;112.46274509803922
4;101.35686274509804;79.51372549019608
4;90.55686274509804;108.03137254901961
4;82.49803921568628;91.50588235294117
4;84.07450980392157;91.30196078431372
4;91.1843137254902;90.96470588235294
4;97.52549019607844;94.92549019607843
4;84.81960784313725;106.4078431372549
4;83.45490196078431;90.18823529411765
4;92.68627450980392;82.10980392156863
4;87.10588235294118;111.96862745098039
4;106.20392156862745;91.04313725490196
4;96.3921568627451;67.85882352941177
4;104.86666666666666;110.67450980392157
4;103.51372549019608;116.51764705882353
4;91.63529411764706;75.39607843137254
4;95.04705882352941;98.47058823529412
4;88.00392156862745;101.2156862745098
4;100.0156862745098;97.28627450980392
4;96.07843137254902;93.33333333333333
4;86.83529411764705;91.41176470588235
4;97.95686274509804;129.52941176470588
4;93.62352941176471;110.96470588235294
4;103.7921568627451;106.51764705882353
4;98.46274509803922;100.07843137254902
4;93.7607843137255;97.51372549019608
4;95.7843137254902;94.61176470588235
4;103.37254901960785;128.04705882352943
4;91.18039215686275;99.14509803921568
4;84.2392156862745;90.48627450980392
4;104.85490196078432;123.73333333333333
4;103.33333333333333;91.10588235294118
4;95.50588235294117;122.98039215686275
4;89.52941176470588;99.1843137254902
4;92.59607843137255;112.17254901960784
4;84.07450980392157;116.90196078431373
4;107.14117647058823;84.3843137254902
4;90.29411764705883;76.49411764705883
4;94.09019607843138;110.36078431372549
4;105.29411764705883;100.4235294117647
4;89.85882352941177;111.62352941176471
4;107.2156862745098;116.21960784313725
4;92.91372549019607;109.09019607843138
4;106.62352941176471;107.16078431372549
4;100.58431372549019;81.37254901960785
4;93.03529411764706;92.8313725490196
4;94.78823529411764;99.81960784313725
4;86.83921568627451;78.27450980392157
4;91.56078431372549;93.55294117647058
4;96.61176470588235;129.06666666666666
4;85.58823529411765;84.02352941176471
4;103.93333333333334;95.53725490196078
4;96.11764705882354;102.68235294117648
4;99.50980392156863;106.50196078431372
4;87.54509803921569;79.89019607843137
4;99.97254901960784;92.41568627450981
4;95.4078431372549;93.76470588235294
4;87.2156862745098;85.38039215686274
4;88.48235294117647;117.76470588235294
4;88.93725490196078;107.66274509803921
4;105.71764705882353;102.18039215686275
4;83.02352941176471;124.82352941176471
4;82.40392156862745;106.51764705882353
4;100.89411764705882;119.81176470588235
4;105.1843137254902;67.9843137254902
4;88.38823529411765;100.00784313725491
4;97.49019607843137;86.7764705882353
4;87.6313725490196;90.10196078431373
4;102.2078431372549;123.25490196078431
4;103.47450980392156;89.2392156862745
4;103.53725490196078;126.96470588235294
4;105.94117647058823;104.85490196078432
4;105.97647058823529;97.69411764705882
4;98.06274509803922;112.7843137254902
4;87.85882352941177;91.12156862745098
4;89.67450980392157;104.19607843137256
4;83.07450980392157;91.78039215686275
4;95.92941176470588;121.08235294117647
4;89.72549019607843;74.63529411764706
4;90.2;99.70980392156862
4;104.1921568627451;117.23137254901961
4;93.55686274509804;89.40392156862745
4;103.6156862745098;102.69803921568628
4;84.83529411764705;116.18039215686275
5;97.87843137254902;116.44705882352942
5;103.55686274509804;122.09411764705882
5;108.64313725490196;121.72549019607843
5;107.83921568627451;123.66274509803921
5;108.45882352941176;101.38823529411765
5;88.75294117647059;131.13725490196077
5;102.29411764705883;120.44705882352942
5;93.55686274509804;126.61176470588235
5;92.17254901960784;136.4078431372549
5;93.03137254901961;93.89019607843137
5;93.47058823529412;117.2
5;93.59607843137255;128.72941176470587
5;84.6313725490196;119.85098039215686
5;101.23137254901961;108.07843137254902
5;98.31372549019608;123.15294117647059
5;101.82745098039216;131.30980392156863
5;95.49803921568628;102.14901960784314
5;87.80392156862744;112.8313725490196
5;91.32941176470588;101.65490196078431
5;101.58823529411765;117.79607843137255
5;86.63921568627451;126.53333333333333
5;106.84705882352941;114.19607843137256
5;93.3843137254902;148.08627450980393
5;110.27843137254902;133.46666666666667
5;113.7921568627451;102.61176470588235
5;92.46666666666667;134.50196078431372
5;88.37254901960785;130.48627450980393
5;107.36078431372549;137.41960784313724
5;97.4078431372549;114.51764705882353
5;95.41176470588235;129.521568627451
5;106.9843137254902;99.09803921568627
5;114.01960784313725;156.8392156862745
5;112.9843137254902;86.8156862745098
5;91.87450980392157;116.36078431372549
5;106.40392156862745;124.25882352941177
5;107.96078431372548;113.53725490196078
5;94.00784313725491;121.69411764705882
5;92.27843137254902;103.2235294117647
5;101.28627450980392;97.6470588235294
5;103.17254901960784;98.17254901960784
5;99.00392156862745;134.3372549019608
5;115.12156862745098;158.32156862745097
5;109.38039215686274;125.31764705882352
5;97.45098039215686;89.39607843137254
5;88.52549019607844;109.31764705882352
5;100.78823529411764;128.52549019607844
5;95.45882352941176;131.6235294117647
5;91.8078431372549;130.01568627450982
5;106.8156862745098;128.01568627450982
5;95.86666666666666;114.3843137254902
5;95.41176470588235;121.58431372549019
5;95.94117647058823;133.73333333333332
5;86.75686274509803;132.4
5;105.31764705882352;127.1686274509804
5;91.3921568627451;125.09019607843138
5;95.56470588235294;136.50980392156862
5;102.48627450980392;97.78823529411764
5;99.40392156862745;93.36470588235294
5;107.72549019607843;114.29019607843138
5;85.94901960784314;129.93725490196078
5;98.11372549019607;110.03137254901961
5;92.29019607843138;115.70196078431373
5;102.92549019607843;129.80392156862746
5;102.6313725490196;120.93333333333334
5;103.43921568627451;123.41176470588235
5;98.18823529411765;101.30196078431372
5;101.04705882352941;129.2313725490196
5;110.25882352941177;95.09019607843138
5;98.46274509803922;126.27450980392157
5;98.01176470588236;107.2078431372549
5;99.88627450980393;77.32549019607843
5;91.70588235294117;135.9294117647059
5;107.47058823529412;118.97254901960784
5;105.74117647058823;98.4
5;103.52941176470588;144.10980392156864
5;102.72549019607843;85.95294117647059
5;94.12941176470588;132.8235294117647
5;102.6156862745098;120.18039215686275
5;97.94901960784314;132.8862745098039
5;109.2392156862745;142.0705882352941
5;94.30588235294118;116.0
5;103.36470588235294;119.38823529411765
5;103.69803921568628;129.68627450980392
5;104.98823529411764;102.50980392156863
5;108.18823529411765;119.74901960784314
5;97.24313725490197;119.6313725490196
5;100.0;142.91764705882352
5;98.61176470588235;117.17647058823529
5;91.32941176470588;111.81960784313725
5;106.2392156862745;126.07843137254902
5;89.78039215686275;127.51372549019608
5;95.29019607843138;123.33333333333333
5;108.31764705882352;132.0235294117647
5;88.99607843137255;115.78039215686275
5;90.39607843137254;105.46666666666667
5;96.21176470588236;104.3921568627451
5;94.83529411764705;125.37254901960785
5;104.42745098039215;142.69019607843137
5;96.62745098039215;112.75294117647059
5;84.9843137254902;132.25882352941176
5;102.28627450980392;128.4313725490196
5;88.81960784313725;127.77254901960784
5;89.39607843137254;115.35686274509804
5;90.1843137254902;112.91764705882353
5;97.29411764705883;105.55294117647058
5;100.49019607843137;160.76078431372548
5;102.47058823529412;99.23137254901961
5;116.25882352941177;124.8156862745098
5;106.89019607843137;109.49803921568628
5;89.67450980392157;127.45882352941176
5;109.05490196078432;102.36078431372549
5;106.88627450980393;102.11764705882354
5;92.6078431372549;104.46274509803922
5;92.28235294117647;106.22745098039216
5;100.33333333333333;110.34509803921569
5;100.02745098039216;108.87058823529412
5;106.10196078431373;104.61176470588235
5;107.27450980392157;120.87058823529412
5;111.03921568627452;108.96470588235294
5;91.69803921568628;119.89803921568627
5;89.15686274509804;129.32549019607842
5;99.84705882352941;114.97254901960784
5;109.04313725490196;115.07450980392157
5;113.21960784313725;108.85490196078432
5;110.06666666666666;149.04313725490195
5;91.95294117647059;128.09411764705882
5;103.89411764705882;138.53333333333333
5;96.31372549019608;100.64313725490196
5;93.6078431372549;133.6156862745098
5;94.31372549019608;125.31764705882352
5;92.23529411764706;114.90196078431373
5;96.2235294117647;131.45882352941177
5;102.05098039215686;112.71372549019608
5;100.81960784313725;141.1843137254902
5;116.8156862745098;87.67058823529412
5;90.00784313725491;107.01176470588236
5;117.10196078431373;137.6392156862745
5;106.6;91.01960784313725
5;99.79607843137255;108.56470588235294
5;87.96862745098039;115.51372549019608
5;107.2156862745098;136.51764705882354
5;107.32156862745099;81.02745098039216
5;89.26274509803922;112.8
5;88.99607843137255;128.09411764705882
5;100.38039215686274;139.1764705882353
5;93.82352941176471;116.07058823529412
5;88.83529411764705;126.84705882352941
5;94.6;115.39607843137254
5;110.90980392156862;94.91764705882353
5;99.37254901960785;114.69803921568628
5;88.26666666666667;113.50588235294117
5;103.24313725490197;128.99607843137255
5;116.5921568627451;105.51372549019608
5;87.3686274509804;115.85098039215686
5;90.17254901960784;115.15294117647059
5;88.65098039215687;123.2156862745098
5;100.70980392156862;116.27450980392157
5;97.26274509803922;114.43137254901961
5;92.6470588235294;129.84313725490196
5;85.24705882352941;124.89411764705882
5;89.37254901960785;135.54509803921567
5;107.47058823529412;124.74509803921569
5;95.72156862745098;117.5764705882353
5;108.43921568627451;135.7019607843137
5;93.2156862745098;110.71372549019608
5;95.89019607843137;136.12549019607843
5;95.37647058823529;103.72549019607843
5;98.86274509803921;100.25098039215686
5;110.01960784313725;115.06666666666666
5;99.8;106.62745098039215
5;92.61176470588235;108.97254901960784
5;98.45882352941176;120.60392156862746
5;98.84705882352941;77.45882352941176
5;86.43137254901961;129.88235294117646
5;92.51372549019608;129.6078431372549
5;100.05490196078432;97.91372549019607
5;97.69411764705882;130.91764705882352
5;92.68627450980392;128.96470588235294
5;104.8156862745098;150.63529411764705
5;97.19607843137256;100.68235294117648
5;105.90196078431373;129.6705882352941
5;112.25490196078431;130.21960784313725
5;85.75686274509803;133.1137254901961
5;116.56470588235294;89.38039215686274
5;97.8313725490196;131.34901960784313
5;95.08627450980393;120.74509803921569
5;115.27843137254902;113.47450980392156
5;96.45098039215686;95.55294117647058
5;86.0;122.68235294117648
5;100.2235294117647;110.18823529411765
5;105.47058823529412;123.2235294117647
5;89.02745098039216;97.39607843137254
5;103.06274509803922;99.31764705882352
5;94.98039215686275;112.69019607843137
5;88.37254901960785;129.6078431372549
5;91.68627450980392;128.0
5;88.27843137254902;125.35686274509804
5;90.44313725490196;128.57254901960783
5;102.56862745098039;109.89019607843137
5;99.50196078431372;132.87058823529412
5;100.9843137254902;122.21960784313725
5;112.63529411764706;112.45490196078431
5;109.01960784313725;117.47450980392156
5;104.0156862745098;132.47058823529412
5;92.12941176470588;98.04705882352941
5;92.16078431372549;121.12156862745098
5;88.04313725490196;112.46274509803922
5;93.24705882352941;89.08235294117647
5;91.30588235294118;135.03529411764706
5;89.14509803921568;127.26274509803922
5;111.80392156862744;136.0
5;104.2078431372549;112.11764705882354
5;95.67058823529412;108.50196078431372
5;96.44313725490196;98.0
5;115.81960784313725;111.29411764705883
5;102.13725490196079;120.10196078431373
5;107.68627450980392;126.43137254901961
5;85.75294117647059;138.01568627450982
5;94.03529411764706;105.65490196078431
5;90.05098039215686;115.92941176470588
5;104.1843137254902;93.12156862745098
5;94.01960784313725;118.67450980392157
5;109.4;119.25490196078431
5;95.01176470588236;134.60392156862744
5;85.99215686274509;134.3372549019608
5;108.29019607843138;91.34117647058824
5;103.2235294117647;109.03529411764706
5;97.90196078431373;90.61176470588235
5;86.72549019607843;131.1764705882353
5;88.72156862745098;103.71764705882353
5;106.89803921568627;95.70980392156862
5;87.03137254901961;137.05882352941177
5;107.43137254901961;122.67450980392157
5;113.7921568627451;89.34117647058824
5;93.78039215686275;137.9607843137255
5;86.70588235294117;131.2313725490196
5;111.5921568627451;116.45490196078431
5;100.60392156862746;106.24313725490197
5;85.84705882352941;109.63921568627451
5;85.49803921568628;121.28627450980392
5;97.80392156862744;144.25098039215686
5;104.2;131.09803921568627
5;87.37647058823529;124.03921568627452
5;103.51764705882353;129.2
5;93.27058823529411;106.87058823529412
5;104.95686274509804;98.00784313725491
5;97.29019607843138;137.43529411764706
5;110.86666666666666;131.5843137254902
5;86.09803921568627;126.94117647058823
5;110.54901960784314;138.0235294117647
5;87.04705882352941;133.74901960784314
5;96.26274509803922;126.12549019607843
5;88.12549019607843;107.74901960784314
5;115.14509803921568;107.81176470588235
5;93.05098039215686;130.50980392156862
5;107.54509803921569;121.00392156862745
5;101.12941176470588;117.96078431372548
5;101.31764705882352;124.73725490196078
5;99.75686274509803;118.82352941176471
5;86.71372549019608;92.4235294117647
5;103.91764705882353;130.47058823529412
5;107.09803921568627;135.04313725490195
5;101.68235294117648;129.34117647058824
5;93.50980392156863;115.45882352941176
5;85.92941176470588;124.31372549019608
5;107.01960784313725;107.65490196078431
5;93.96470588235294;110.95686274509804
5;113.55686274509804;133.54509803921567
5;97.90980392156862;128.55686274509804
5;95.85882352941177;139.1843137254902
5;100.51764705882353;132.8470588235294
5;91.4;122.51764705882353
5;98.74901960784314;139.2549019607843
5;104.56862745098039;137.76470588235293
5;89.20392156862745;123.25490196078431
5;105.29803921568627;133.52941176470588
5;86.96470588235294;133.1450980392157
5;102.47450980392156;124.72941176470589
5;109.01960784313725;102.49411764705883
5;95.6470588235294;119.52941176470588
5;101.37254901960785;131.7019607843137
5;99.7921568627451;126.07843137254902
5;88.79607843137255;119.92941176470588
5;90.71372549019608;119.05882352941177
5;103.52941176470588;139.40392156862745
5;92.01960784313725;137.6235294117647
5;106.43529411764706;106.67450980392157
5;105.06274509803922;131.9607843137255
5;94.09803921568627;122.31372549019608
5;107.74117647058823;136.50196078431372
5;95.87843137254902;148.8392156862745
5;93.26666666666667;137.95294117647057
5;113.76470588235294;108.67450980392157
5;85.14901960784314;119.41176470588235
5;99.21176470588236;134.62745098039215
5;104.63529411764706;136.83137254901962
5;97.54117647058824;131.6156862745098
5;99.4;90.23529411764706
5;88.4235294117647;121.33333333333333
5;105.13725490196079;116.32941176470588
5;93.35686274509804;136.47058823529412
5;94.97254901960784;118.8078431372549
5;96.25098039215686;131.09019607843138
5;88.94901960784314;134.4
5;109.18039215686275;128.91764705882352
5;89.28235294117647;112.32156862745099
5;104.58039215686274;81.03529411764706
5;87.8078431372549;121.49803921568628
5;107.80392156862744;99.52941176470588
5;92.83921568627451;121.74117647058823
5;90.50196078431372;106.66666666666667
5;91.72156862745098;97.78039215686275
5;116.10196078431373;106.87058823529412
5;97.83529411764705;115.95294117647059
5;87.83529411764705;125.34901960784313
5;85.66666666666667;120.44705882352942
5;105.94901960784314;115.81960784313725
5;105.6156862745098;130.8862745098039
5;107.70980392156862;90.7764705882353
5;102.65490196078431;142.01568627450982
5;92.2078431372549;134.34509803921569
5;89.65882352941176;102.54901960784314
5;90.14117647058823;135.51372549019607
5;91.91372549019607;122.94901960784314
5;98.08235294117647;113.90588235294118
5;105.89019607843137;131.30980392156863
5;100.25098039215686;95.41960784313726
5;89.48627450980392;145.2
5;103.89803921568627;129.1921568627451
5;99.07058823529412;127.6156862745098
5;89.25882352941177;115.33333333333333
5;89.71764705882353;128.10980392156864
5;111.26274509803922;101.39607843137254
5;87.45882352941176;123.37254901960785
5;95.6;116.29803921568627
5;100.25882352941177;128.7686274509804
5;95.04313725490196;114.68235294117648
5;92.1686274509804;103.69411764705882
5;103.28235294117647;132.11764705882354
5;93.10196078431373;117.13725490196079
5;89.6313725490196;127.6078431372549
5;97.75294117647059;122.45490196078431
5;97.7921568627451;120.63529411764706
5;110.78039215686275;106.28235294117647
5;94.45490196078431;93.6470588235294
5;100.52941176470588;144.61960784313726
5;84.61960784313726;126.05490196078432
5;106.93333333333334;108.26666666666667
5;114.92156862745098;98.70588235294117
5;108.43529411764706;122.90980392156862
5;99.49411764705883;118.15686274509804
5;110.28235294117647;101.30196078431372
5;99.20392156862745;109.12156862745098
5;97.85098039215686;112.69019607843137
5;93.30196078431372;109.97647058823529
5;93.30588235294118;120.87058823529412
5;102.33725490196079;142.25882352941176
5;109.08627450980393;110.21960784313725
5;95.99607843137255;91.05098039215686
5;88.97647058823529;125.09019607843138
5;95.52549019607844;127.69411764705882
5;97.37254901960785;132.07843137254903
5;89.47450980392156;121.47450980392156
5;89.2235294117647;113.74117647058823
5;94.76862745098039;104.04705882352941
5;99.58823529411765;117.70196078431373
5;111.14117647058823;88.7764705882353
5;86.58039215686274;119.46666666666667
5;104.72941176470589;109.96078431372548
5;107.58431372549019;104.21960784313725
5;107.97647058823529;118.16470588235295
5;99.13333333333334;93.78039215686275
5;104.02745098039216;120.13333333333334
5;94.45098039215686;124.91764705882353
5;102.12941176470588;134.97254901960784
5;108.87843137254902;108.10980392156863
5;94.89803921568627;109.01176470588236
5;86.26274509803922;140.8078431372549
5;109.79607843137255;116.92549019607843
5;107.99215686274509;117.69411764705882
5;99.1686274509804;99.27843137254902
5;103.8;112.14901960784314
5;92.50980392156863;120.59607843137255
5;95.85098039215686;128.54901960784315
5;96.65490196078431;131.00392156862745
5;91.2078431372549;117.30196078431372
5;96.10980392156863;124.90980392156862
5;114.55686274509804;84.32941176470588
5;103.79607843137255;134.57254901960783
5;103.15686274509804;112.58823529411765
5;111.72156862745098;135.94509803921568
5;93.7843137254902;131.88235294117646
5;86.30196078431372;114.69019607843137
5;111.55294117647058;142.66666666666666
5;96.76470588235294;80.30588235294118
5;91.04313725490196;119.70196078431373
5;105.06274509803922;75.14509803921568
5;111.18823529411765;118.28235294117647
5;103.07843137254902;123.42745098039215
5;87.44705882352942;124.05490196078432
5;91.69411764705882;103.87450980392157
5;111.07843137254902;122.45490196078431
5;101.54901960784314;140.72941176470587
5;96.81176470588235;144.4470588235294
5;96.14901960784314;114.3529411764706
5;91.78823529411764;109.16078431372549
5;110.22745098039216;146.27450980392157
5;101.91764705882353;137.30980392156863
5;86.31372549019608;119.52941176470588
5;107.45490196078431;114.69019607843137
5;89.56470588235294;115.77254901960784
5;102.59607843137255;134.25882352941176
5;101.90196078431373;122.45490196078431
5;93.94901960784314;113.54509803921569
5;96.65882352941176;104.20392156862745
5;103.89019607843137;75.2
5;105.89803921568627;92.4235294117647
5;94.28235294117647;110.49411764705883
5;84.9843137254902;129.46666666666667
5;113.30588235294118;134.10980392156864
5;104.87450980392157;108.11764705882354
5;97.75294117647059;135.1137254901961
5;95.06666666666666;110.50980392156863
5;103.6156862745098;110.05490196078432
5;107.18039215686275;86.14117647058823
5;115.12156862745098;106.87058823529412
5;99.99215686274509;111.27843137254902
5;90.18823529411765;121.01960784313725
5;103.45882352941176;118.41568627450981
5;107.7607843137255;114.07843137254902
5;98.12941176470588;135.64705882352942
5;103.33725490196079;134.54901960784315
5;87.29411764705883;125.96078431372548
5;88.09411764705882;94.4
5;114.97647058823529;103.41176470588235
5;102.00784313725491;139.79607843137254
5;99.04313725490196;118.00784313725491
5;95.12941176470588;138.71372549019608
5;103.67058823529412;137.9294117647059
5;85.2235294117647;131.34117647058824
5;88.2392156862745;114.45490196078431
5;102.11764705882354;137.06666666666666
5;96.54901960784314;138.94901960784313
5;110.27058823529411;131.64705882352942
5;97.93725490196078;134.96470588235294
5;99.66274509803921;100.21960784313725
5;109.41568627450981;121.1686274509804
5;93.7607843137255;106.48627450980392
5;101.86666666666666;124.31372549019608
5;93.98823529411764;107.99215686274509
5;90.1843137254902;97.26274509803922
5;106.92156862745098;135.49019607843138
5;98.27450980392157;120.29803921568627
5;98.00784313725491;126.24313725490197
5;96.43921568627451;122.83921568627451
5;110.56078431372549;105.34117647058824
5;92.56470588235294;148.65882352941176
5;86.26666666666667;119.54509803921569
5;97.17647058823529;148.7686274509804
5;105.11372549019607;106.00784313725491
5;97.5921568627451;132.86274509803923
5;88.33725490196079;119.54509803921569
5;103.66666666666667;134.18823529411765
5;109.55686274509804;142.0313725490196
5;99.77254901960784;119.95294117647059
5;102.43137254901961;100.58039215686274
5;98.37647058823529;107.07450980392157
5;102.2156862745098;122.59607843137255
5;88.40392156862745;119.91372549019607
5;91.71764705882353;102.46274509803922
5;108.11764705882354;138.8862745098039
5;87.86274509803921;107.17647058823529
5;101.93725490196078;110.7764705882353
5;102.11764705882354;126.33725490196079
5;97.86666666666666;141.49019607843138
5;89.26666666666667;123.66274509803921
5;105.6470588235294;144.12549019607843
5;98.06666666666666;103.78823529411764
5;101.44705882352942;101.9843137254902
5;92.72156862745098;118.3529411764706
5;96.0156862745098;135.30980392156863
5;99.78039215686275;125.69411764705882
5;111.52156862745097;113.38039215686274
5;99.24705882352941;120.53333333333333
5;110.91372549019607;122.12549019607843
5;95.43921568627451;111.27058823529411
5;94.80392156862744;104.50980392156863
5;106.44705882352942;82.82352941176471
5;101.96078431372548;121.28627450980392
5;91.32941176470588;101.74901960784314
5;85.8156862745098;118.90980392156862
5;105.56470588235294;116.57254901960785
5;96.45882352941176;119.70980392156862
5;98.14509803921568;142.7058823529412
5;87.41568627450981;124.69803921568628
5;97.3843137254902;118.95686274509804
5;90.88235294117646;127.00392156862745
5;103.11372549019607;142.0705882352941
5;92.00784313725491;132.59607843137255
5;96.02352941176471;121.45882352941176
5;111.6313725490196;127.68627450980392
5;102.09411764705882;107.32549019607843
5;112.27058823529411;95.2078431372549
5;98.69803921568628;81.28627450980392
5;105.32941176470588;91.2078431372549
5;96.89803921568627;138.34509803921569
5;106.6156862745098;115.11372549019607
5;91.2078431372549;130.94901960784313
5;98.06274509803922;100.3921568627451
5;103.98039215686275;100.58823529411765
5;106.45490196078431;100.3921568627451
5;107.3921568627451;128.99607843137255
5;95.80392156862744;126.96470588235294
5;105.94509803921568;121.42745098039215
5;90.03921568627452;106.69803921568628
5;108.15686274509804;126.02352941176471
5;89.50980392156863;114.09411764705882
5;103.93725490196078;109.69411764705882
5;101.61960784313726;101.07450980392157
5;114.16470588235295;120.3921568627451
5;97.31764705882352;134.29019607843136
5;86.0156862745098;108.95686274509804
5;94.71764705882353;91.86666666666666
5;107.55294117647058;103.71764705882353
5;97.27843137254902;90.7921568627451
5;96.14901960784314;139.30980392156863
5;96.14901960784314;118.63529411764706
5;95.16078431372549;103.40392156862745
5;87.53725490196078;108.0156862745098
5;99.31764705882352;126.33725490196079
5;101.85490196078432;120.32156862745099
5;97.67450980392157;98.72156862745098
5;112.05098039215686;117.09019607843138
5;107.1921568627451;93.83529411764705
5;107.34509803921569;138.0
5;94.2156862745098;120.25882352941177
5;110.06274509803922;116.4235294117647
5;111.55294117647058;110.61960784313726
5;93.59607843137255;133.02745098039216
5;110.14117647058823;113.99215686274509
5;102.58823529411765;127.52941176470588
5;104.26666666666667;144.75294117647059
5;98.33333333333333;120.07058823529412
5;87.11764705882354;94.04705882352941
5;108.69411764705882;141.92156862745097
5;95.70196078431373;130.30588235294118
5;97.68235294117648;110.8156862745098
5;107.81960784313725;104.03137254901961
5;91.61960784313726;122.31372549019608
5;93.11764705882354;118.95686274509804
5;88.82352941176471;118.3686274509804
5;98.23137254901961;122.56470588235294
5;100.65490196078431;112.29019607843138
5;97.1843137254902;104.4078431372549
5;90.0;121.92941176470588
5;109.23137254901961;126.8078431372549
5;109.92549019607843;112.43137254901961
5;92.46666666666667;140.87058823529412
5;86.66274509803921;114.53333333333333
5;90.94509803921568;130.92549019607844
5;92.62745098039215;123.5764705882353
5;85.43137254901961;99.38039215686274
5;100.8156862745098;113.34901960784313
5;105.99215686274509;98.46274509803922
5;108.4235294117647;122.22745098039216
5;104.52941176470588;93.93725490196078
5;105.43921568627451;120.94901960784314
5;91.79607843137255;135.41960784313724
5;109.65490196078431;135.6392156862745
5;104.15294117647059;127.81960784313725
5;84.67843137254901;120.61960784313726
5;105.68627450980392;135.79607843137254
5;113.05098039215686;90.22745098039216
5;110.72549019607843;130.06274509803922
5;99.30588235294118;140.54117647058823
5;101.17254901960784;126.67450980392157
